elipse.343.png,elipse
elipse.335.png,elipse
elipse.22.png,elipse
elipse.369.png,elipse
elipse.193.png,elipse
elipse.310.png,elipse
elipse.110.png,elipse
elipse.127.png,elipse
elipse.278.png,elipse
elipse.357.png,elipse
elipse.26.png,elipse
elipse.392.png,elipse
elipse.350.png,elipse
elipse.160.png,elipse
elipse.20.png,elipse
elipse.262.png,elipse
elipse.63.png,elipse
elipse.356.png,elipse
elipse.178.png,elipse
elipse.374.png,elipse
elipse.72.png,elipse
elipse.106.png,elipse
elipse.224.png,elipse
elipse.61.png,elipse
elipse.201.png,elipse
elipse.27.png,elipse
elipse.0.png,elipse
elipse.287.png,elipse
elipse.32.png,elipse
elipse.57.png,elipse
elipse.361.png,elipse
elipse.365.png,elipse
elipse.256.png,elipse
elipse.211.png,elipse
elipse.298.png,elipse
elipse.274.png,elipse
elipse.46.png,elipse
elipse.122.png,elipse
elipse.317.png,elipse
elipse.96.png,elipse
elipse.112.png,elipse
elipse.68.png,elipse
elipse.375.png,elipse
elipse.98.png,elipse
elipse.189.png,elipse
elipse.362.png,elipse
elipse.6.png,elipse
elipse.226.png,elipse
elipse.146.png,elipse
elipse.5.png,elipse
elipse.14.png,elipse
elipse.39.png,elipse
elipse.305.png,elipse
elipse.147.png,elipse
elipse.388.png,elipse
elipse.182.png,elipse
elipse.9.png,elipse
elipse.124.png,elipse
elipse.372.png,elipse
elipse.354.png,elipse
elipse.175.png,elipse
elipse.170.png,elipse
elipse.100.png,elipse
elipse.21.png,elipse
elipse.179.png,elipse
elipse.202.png,elipse
elipse.351.png,elipse
elipse.296.png,elipse
elipse.155.png,elipse
elipse.264.png,elipse
elipse.104.png,elipse
elipse.349.png,elipse
elipse.259.png,elipse
elipse.393.png,elipse
elipse.136.png,elipse
elipse.248.png,elipse
elipse.373.png,elipse
elipse.314.png,elipse
elipse.379.png,elipse
elipse.121.png,elipse
elipse.286.png,elipse
elipse.218.png,elipse
elipse.102.png,elipse
elipse.128.png,elipse
elipse.10.png,elipse
elipse.69.png,elipse
elipse.8.png,elipse
elipse.358.png,elipse
elipse.205.png,elipse
elipse.394.png,elipse
elipse.304.png,elipse
elipse.30.png,elipse
elipse.345.png,elipse
elipse.44.png,elipse
elipse.65.png,elipse
elipse.300.png,elipse
elipse.386.png,elipse
elipse.90.png,elipse
elipse.323.png,elipse
elipse.79.png,elipse
elipse.62.png,elipse
elipse.171.png,elipse
elipse.16.png,elipse
elipse.89.png,elipse
elipse.396.png,elipse
elipse.139.png,elipse
elipse.2.png,elipse
elipse.101.png,elipse
elipse.134.png,elipse
elipse.284.png,elipse
elipse.138.png,elipse
elipse.165.png,elipse
elipse.309.png,elipse
elipse.230.png,elipse
elipse.301.png,elipse
elipse.251.png,elipse
elipse.192.png,elipse
elipse.206.png,elipse
elipse.271.png,elipse
elipse.35.png,elipse
elipse.75.png,elipse
elipse.239.png,elipse
elipse.291.png,elipse
elipse.140.png,elipse
elipse.49.png,elipse
elipse.163.png,elipse
elipse.173.png,elipse
elipse.233.png,elipse
elipse.132.png,elipse
elipse.306.png,elipse
elipse.269.png,elipse
elipse.381.png,elipse
elipse.118.png,elipse
elipse.368.png,elipse
elipse.177.png,elipse
elipse.94.png,elipse
elipse.355.png,elipse
elipse.141.png,elipse
elipse.249.png,elipse
elipse.169.png,elipse
elipse.31.png,elipse
elipse.364.png,elipse
elipse.341.png,elipse
elipse.346.png,elipse
elipse.95.png,elipse
elipse.36.png,elipse
elipse.53.png,elipse
elipse.288.png,elipse
elipse.322.png,elipse
elipse.149.png,elipse
elipse.208.png,elipse
elipse.60.png,elipse
elipse.84.png,elipse
elipse.203.png,elipse
elipse.135.png,elipse
elipse.236.png,elipse
elipse.76.png,elipse
elipse.223.png,elipse
elipse.220.png,elipse
elipse.19.png,elipse
elipse.41.png,elipse
elipse.194.png,elipse
elipse.133.png,elipse
elipse.117.png,elipse
elipse.74.png,elipse
elipse.215.png,elipse
elipse.43.png,elipse
elipse.290.png,elipse
elipse.196.png,elipse
elipse.86.png,elipse
elipse.324.png,elipse
elipse.390.png,elipse
elipse.384.png,elipse
elipse.47.png,elipse
elipse.131.png,elipse
elipse.154.png,elipse
elipse.225.png,elipse
elipse.64.png,elipse
elipse.13.png,elipse
elipse.340.png,elipse
elipse.54.png,elipse
elipse.398.png,elipse
elipse.221.png,elipse
elipse.167.png,elipse
elipse.370.png,elipse
elipse.33.png,elipse
elipse.209.png,elipse
elipse.366.png,elipse
elipse.158.png,elipse
elipse.115.png,elipse
elipse.285.png,elipse
elipse.342.png,elipse
elipse.116.png,elipse
elipse.243.png,elipse
elipse.253.png,elipse
elipse.263.png,elipse
elipse.336.png,elipse
elipse.67.png,elipse
elipse.50.png,elipse
elipse.25.png,elipse
elipse.242.png,elipse
elipse.85.png,elipse
elipse.308.png,elipse
elipse.125.png,elipse
elipse.93.png,elipse
elipse.148.png,elipse
elipse.55.png,elipse
elipse.23.png,elipse
elipse.38.png,elipse
elipse.172.png,elipse
elipse.114.png,elipse
elipse.244.png,elipse
elipse.34.png,elipse
elipse.11.png,elipse
elipse.280.png,elipse
elipse.18.png,elipse
elipse.371.png,elipse
elipse.97.png,elipse
elipse.88.png,elipse
elipse.120.png,elipse
elipse.15.png,elipse
elipse.200.png,elipse
elipse.237.png,elipse
elipse.315.png,elipse
elipse.282.png,elipse
elipse.199.png,elipse
elipse.383.png,elipse
elipse.58.png,elipse
elipse.320.png,elipse
elipse.229.png,elipse
elipse.234.png,elipse
elipse.152.png,elipse
elipse.186.png,elipse
elipse.174.png,elipse
elipse.207.png,elipse
elipse.334.png,elipse
elipse.45.png,elipse
elipse.258.png,elipse
elipse.103.png,elipse
elipse.29.png,elipse
elipse.333.png,elipse
elipse.235.png,elipse
elipse.344.png,elipse
elipse.252.png,elipse
elipse.168.png,elipse
elipse.123.png,elipse
elipse.105.png,elipse
elipse.311.png,elipse
elipse.247.png,elipse
elipse.80.png,elipse
elipse.119.png,elipse
elipse.161.png,elipse
elipse.7.png,elipse
elipse.328.png,elipse
elipse.183.png,elipse
elipse.40.png,elipse
elipse.275.png,elipse
elipse.385.png,elipse
elipse.109.png,elipse
elipse.397.png,elipse
elipse.294.png,elipse
elipse.319.png,elipse
elipse.222.png,elipse
elipse.142.png,elipse
elipse.255.png,elipse
elipse.164.png,elipse
elipse.111.png,elipse
elipse.367.png,elipse
elipse.281.png,elipse
elipse.91.png,elipse
elipse.28.png,elipse
elipse.129.png,elipse
elipse.250.png,elipse
elipse.382.png,elipse
elipse.330.png,elipse
elipse.156.png,elipse
elipse.327.png,elipse
elipse.195.png,elipse
elipse.391.png,elipse
elipse.144.png,elipse
elipse.347.png,elipse
elipse.261.png,elipse
elipse.157.png,elipse
elipse.180.png,elipse
elipse.376.png,elipse
elipse.1.png,elipse
elipse.42.png,elipse
elipse.389.png,elipse
elipse.166.png,elipse
elipse.228.png,elipse
elipse.270.png,elipse
elipse.51.png,elipse
elipse.181.png,elipse
elipse.359.png,elipse
elipse.299.png,elipse
elipse.378.png,elipse
elipse.66.png,elipse
elipse.329.png,elipse
elipse.295.png,elipse
elipse.276.png,elipse
elipse.92.png,elipse
elipse.246.png,elipse
elipse.360.png,elipse
elipse.241.png,elipse
elipse.353.png,elipse
elipse.83.png,elipse
elipse.273.png,elipse
elipse.293.png,elipse
elipse.289.png,elipse
elipse.70.png,elipse
elipse.380.png,elipse
elipse.137.png,elipse
elipse.56.png,elipse
elipse.153.png,elipse
elipse.231.png,elipse
elipse.267.png,elipse
elipse.339.png,elipse
elipse.217.png,elipse
elipse.363.png,elipse
elipse.303.png,elipse
elipse.143.png,elipse
elipse.191.png,elipse
elipse.113.png,elipse
elipse.297.png,elipse
elipse.232.png,elipse
elipse.219.png,elipse
elipse.4.png,elipse
elipse.268.png,elipse
elipse.216.png,elipse
elipse.73.png,elipse
elipse.272.png,elipse
elipse.24.png,elipse
elipse.185.png,elipse
elipse.162.png,elipse
elipse.331.png,elipse
elipse.214.png,elipse
elipse.337.png,elipse
elipse.213.png,elipse
elipse.187.png,elipse
elipse.348.png,elipse
elipse.3.png,elipse
elipse.150.png,elipse
elipse.254.png,elipse
elipse.48.png,elipse
elipse.151.png,elipse
elipse.71.png,elipse
elipse.377.png,elipse
elipse.277.png,elipse
elipse.338.png,elipse
elipse.198.png,elipse
elipse.184.png,elipse
elipse.82.png,elipse
elipse.260.png,elipse
elipse.81.png,elipse
elipse.107.png,elipse
elipse.245.png,elipse
elipse.399.png,elipse
elipse.99.png,elipse
elipse.190.png,elipse
elipse.266.png,elipse
elipse.318.png,elipse
elipse.307.png,elipse
elipse.210.png,elipse
elipse.395.png,elipse
elipse.108.png,elipse
elipse.176.png,elipse
elipse.12.png,elipse
elipse.78.png,elipse
elipse.352.png,elipse
elipse.37.png,elipse
elipse.212.png,elipse
elipse.292.png,elipse
elipse.87.png,elipse
elipse.77.png,elipse
elipse.302.png,elipse
elipse.59.png,elipse
elipse.17.png,elipse
elipse.257.png,elipse
elipse.204.png,elipse
elipse.325.png,elipse
elipse.188.png,elipse
elipse.238.png,elipse
elipse.321.png,elipse
elipse.227.png,elipse
elipse.145.png,elipse
elipse.52.png,elipse
elipse.387.png,elipse
elipse.312.png,elipse
elipse.197.png,elipse
elipse.279.png,elipse
elipse.265.png,elipse
elipse.313.png,elipse
elipse.240.png,elipse
elipse.283.png,elipse
elipse.159.png,elipse
elipse.326.png,elipse
elipse.130.png,elipse
elipse.332.png,elipse
elipse.126.png,elipse
elipse.316.png,elipse
