parabola.65.png,parabola
parabola.71.png,parabola
parabola.52.png,parabola
parabola.389.png,parabola
parabola.117.png,parabola
parabola.362.png,parabola
parabola.24.png,parabola
parabola.234.png,parabola
parabola.188.png,parabola
parabola.42.png,parabola
parabola.219.png,parabola
parabola.158.png,parabola
parabola.146.png,parabola
parabola.220.png,parabola
parabola.17.png,parabola
parabola.247.png,parabola
parabola.68.png,parabola
parabola.182.png,parabola
parabola.142.png,parabola
parabola.45.png,parabola
parabola.385.png,parabola
parabola.144.png,parabola
parabola.207.png,parabola
parabola.53.png,parabola
parabola.84.png,parabola
parabola.104.png,parabola
parabola.376.png,parabola
parabola.131.png,parabola
parabola.185.png,parabola
parabola.32.png,parabola
parabola.140.png,parabola
parabola.74.png,parabola
parabola.251.png,parabola
parabola.287.png,parabola
parabola.348.png,parabola
parabola.145.png,parabola
parabola.153.png,parabola
parabola.21.png,parabola
parabola.8.png,parabola
parabola.249.png,parabola
parabola.380.png,parabola
parabola.259.png,parabola
parabola.296.png,parabola
parabola.60.png,parabola
parabola.322.png,parabola
parabola.179.png,parabola
parabola.327.png,parabola
parabola.193.png,parabola
parabola.27.png,parabola
parabola.96.png,parabola
parabola.305.png,parabola
parabola.223.png,parabola
parabola.106.png,parabola
parabola.315.png,parabola
parabola.37.png,parabola
parabola.272.png,parabola
parabola.138.png,parabola
parabola.16.png,parabola
parabola.49.png,parabola
parabola.6.png,parabola
parabola.399.png,parabola
parabola.378.png,parabola
parabola.90.png,parabola
parabola.357.png,parabola
parabola.57.png,parabola
parabola.268.png,parabola
parabola.192.png,parabola
parabola.216.png,parabola
parabola.271.png,parabola
parabola.196.png,parabola
parabola.204.png,parabola
parabola.244.png,parabola
parabola.226.png,parabola
parabola.299.png,parabola
parabola.95.png,parabola
parabola.198.png,parabola
parabola.129.png,parabola
parabola.160.png,parabola
parabola.235.png,parabola
parabola.295.png,parabola
parabola.134.png,parabola
parabola.86.png,parabola
parabola.36.png,parabola
parabola.7.png,parabola
parabola.245.png,parabola
parabola.293.png,parabola
parabola.237.png,parabola
parabola.341.png,parabola
parabola.369.png,parabola
parabola.70.png,parabola
parabola.331.png,parabola
parabola.338.png,parabola
parabola.346.png,parabola
parabola.14.png,parabola
parabola.292.png,parabola
parabola.280.png,parabola
parabola.337.png,parabola
parabola.291.png,parabola
parabola.171.png,parabola
parabola.267.png,parabola
parabola.206.png,parabola
parabola.130.png,parabola
parabola.4.png,parabola
parabola.105.png,parabola
parabola.363.png,parabola
parabola.112.png,parabola
parabola.181.png,parabola
parabola.143.png,parabola
parabola.217.png,parabola
parabola.213.png,parabola
parabola.335.png,parabola
parabola.361.png,parabola
parabola.186.png,parabola
parabola.58.png,parabola
parabola.236.png,parabola
parabola.258.png,parabola
parabola.289.png,parabola
parabola.200.png,parabola
parabola.397.png,parabola
parabola.365.png,parabola
parabola.395.png,parabola
parabola.12.png,parabola
parabola.354.png,parabola
parabola.359.png,parabola
parabola.384.png,parabola
parabola.355.png,parabola
parabola.300.png,parabola
parabola.317.png,parabola
parabola.284.png,parabola
parabola.44.png,parabola
parabola.391.png,parabola
parabola.227.png,parabola
parabola.163.png,parabola
parabola.323.png,parabola
parabola.379.png,parabola
parabola.174.png,parabola
parabola.43.png,parabola
parabola.349.png,parabola
parabola.205.png,parabola
parabola.127.png,parabola
parabola.286.png,parabola
parabola.1.png,parabola
parabola.23.png,parabola
parabola.310.png,parabola
parabola.79.png,parabola
parabola.161.png,parabola
parabola.91.png,parabola
parabola.39.png,parabola
parabola.260.png,parabola
parabola.147.png,parabola
parabola.342.png,parabola
parabola.262.png,parabola
parabola.170.png,parabola
parabola.228.png,parabola
parabola.13.png,parabola
parabola.233.png,parabola
parabola.253.png,parabola
parabola.50.png,parabola
parabola.265.png,parabola
parabola.332.png,parabola
parabola.334.png,parabola
parabola.347.png,parabola
parabola.40.png,parabola
parabola.128.png,parabola
parabola.99.png,parabola
parabola.97.png,parabola
parabola.340.png,parabola
parabola.164.png,parabola
parabola.66.png,parabola
parabola.201.png,parabola
parabola.277.png,parabola
parabola.199.png,parabola
parabola.218.png,parabola
parabola.59.png,parabola
parabola.352.png,parabola
parabola.257.png,parabola
parabola.197.png,parabola
parabola.366.png,parabola
parabola.183.png,parabola
parabola.208.png,parabola
parabola.28.png,parabola
parabola.240.png,parabola
parabola.190.png,parabola
parabola.356.png,parabola
parabola.225.png,parabola
parabola.141.png,parabola
parabola.180.png,parabola
parabola.126.png,parabola
parabola.392.png,parabola
parabola.394.png,parabola
parabola.26.png,parabola
parabola.152.png,parabola
parabola.282.png,parabola
parabola.133.png,parabola
parabola.304.png,parabola
parabola.242.png,parabola
parabola.150.png,parabola
parabola.336.png,parabola
parabola.254.png,parabola
parabola.256.png,parabola
parabola.324.png,parabola
parabola.10.png,parabola
parabola.364.png,parabola
parabola.382.png,parabola
parabola.396.png,parabola
parabola.212.png,parabola
parabola.320.png,parabola
parabola.83.png,parabola
parabola.41.png,parabola
parabola.279.png,parabola
parabola.118.png,parabola
parabola.307.png,parabola
parabola.110.png,parabola
parabola.19.png,parabola
parabola.311.png,parabola
parabola.344.png,parabola
parabola.18.png,parabola
parabola.230.png,parabola
parabola.137.png,parabola
parabola.116.png,parabola
parabola.329.png,parabola
parabola.398.png,parabola
parabola.165.png,parabola
parabola.111.png,parabola
parabola.107.png,parabola
parabola.266.png,parabola
parabola.250.png,parabola
parabola.80.png,parabola
parabola.35.png,parabola
parabola.177.png,parabola
parabola.224.png,parabola
parabola.0.png,parabola
parabola.270.png,parabola
parabola.148.png,parabola
parabola.321.png,parabola
parabola.273.png,parabola
parabola.113.png,parabola
parabola.3.png,parabola
parabola.373.png,parabola
parabola.312.png,parabola
parabola.285.png,parabola
parabola.303.png,parabola
parabola.72.png,parabola
parabola.33.png,parabola
parabola.209.png,parabola
parabola.191.png,parabola
parabola.20.png,parabola
parabola.241.png,parabola
parabola.9.png,parabola
parabola.154.png,parabola
parabola.115.png,parabola
parabola.239.png,parabola
parabola.56.png,parabola
parabola.139.png,parabola
parabola.374.png,parabola
parabola.38.png,parabola
parabola.162.png,parabola
parabola.316.png,parabola
parabola.102.png,parabola
parabola.176.png,parabola
parabola.114.png,parabola
parabola.269.png,parabola
parabola.350.png,parabola
parabola.290.png,parabola
parabola.189.png,parabola
parabola.388.png,parabola
parabola.390.png,parabola
parabola.155.png,parabola
parabola.172.png,parabola
parabola.231.png,parabola
parabola.298.png,parabola
parabola.119.png,parabola
parabola.92.png,parabola
parabola.309.png,parabola
parabola.30.png,parabola
parabola.103.png,parabola
parabola.29.png,parabola
parabola.123.png,parabola
parabola.377.png,parabola
parabola.393.png,parabola
parabola.203.png,parabola
parabola.34.png,parabola
parabola.371.png,parabola
parabola.281.png,parabola
parabola.387.png,parabola
parabola.136.png,parabola
parabola.62.png,parabola
parabola.120.png,parabola
parabola.301.png,parabola
parabola.263.png,parabola
parabola.178.png,parabola
parabola.89.png,parabola
parabola.294.png,parabola
parabola.87.png,parabola
parabola.94.png,parabola
parabola.274.png,parabola
parabola.11.png,parabola
parabola.278.png,parabola
parabola.22.png,parabola
parabola.15.png,parabola
parabola.169.png,parabola
parabola.264.png,parabola
parabola.318.png,parabola
parabola.288.png,parabola
parabola.100.png,parabola
parabola.370.png,parabola
parabola.156.png,parabola
parabola.222.png,parabola
parabola.25.png,parabola
parabola.55.png,parabola
parabola.173.png,parabola
parabola.159.png,parabola
parabola.297.png,parabola
parabola.149.png,parabola
parabola.82.png,parabola
parabola.386.png,parabola
parabola.88.png,parabola
parabola.81.png,parabola
parabola.221.png,parabola
parabola.85.png,parabola
parabola.93.png,parabola
parabola.135.png,parabola
parabola.166.png,parabola
parabola.381.png,parabola
parabola.248.png,parabola
parabola.167.png,parabola
parabola.276.png,parabola
parabola.48.png,parabola
parabola.46.png,parabola
parabola.255.png,parabola
parabola.151.png,parabola
parabola.125.png,parabola
parabola.308.png,parabola
parabola.360.png,parabola
parabola.246.png,parabola
parabola.210.png,parabola
parabola.313.png,parabola
parabola.184.png,parabola
parabola.326.png,parabola
parabola.345.png,parabola
parabola.63.png,parabola
parabola.187.png,parabola
parabola.75.png,parabola
parabola.76.png,parabola
parabola.157.png,parabola
parabola.343.png,parabola
parabola.195.png,parabola
parabola.124.png,parabola
parabola.69.png,parabola
parabola.358.png,parabola
parabola.302.png,parabola
parabola.51.png,parabola
parabola.351.png,parabola
parabola.339.png,parabola
parabola.31.png,parabola
parabola.368.png,parabola
parabola.54.png,parabola
parabola.328.png,parabola
parabola.383.png,parabola
parabola.325.png,parabola
parabola.78.png,parabola
parabola.122.png,parabola
parabola.353.png,parabola
parabola.214.png,parabola
parabola.202.png,parabola
parabola.5.png,parabola
parabola.211.png,parabola
parabola.67.png,parabola
parabola.101.png,parabola
parabola.47.png,parabola
parabola.109.png,parabola
parabola.168.png,parabola
parabola.319.png,parabola
parabola.194.png,parabola
parabola.238.png,parabola
parabola.175.png,parabola
parabola.215.png,parabola
parabola.372.png,parabola
parabola.375.png,parabola
parabola.275.png,parabola
parabola.229.png,parabola
parabola.121.png,parabola
parabola.283.png,parabola
parabola.243.png,parabola
parabola.108.png,parabola
parabola.61.png,parabola
parabola.261.png,parabola
parabola.77.png,parabola
parabola.252.png,parabola
parabola.2.png,parabola
parabola.367.png,parabola
parabola.132.png,parabola
parabola.306.png,parabola
parabola.98.png,parabola
parabola.64.png,parabola
parabola.330.png,parabola
parabola.73.png,parabola
parabola.333.png,parabola
parabola.232.png,parabola
parabola.314.png,parabola
